{"cameraMode":{"drawMode":0,"name":"Shaded","section":"Shading Mode"},"sceneLighting":false,"audioPlay":false,"sceneViewState":{"showFog":true,"showMaterialUpdate":false,"showSkybox":false,"showFlares":true,"showImageEffects":true,"showParticleSystems":true},"in2DMode":false,"pivot":{"x":0.0,"y":0.07999999821186066,"z":3.725290298461914e-9},"rotation":{"x":0.04175342991948128,"y":-0.15967388451099397,"z":0.006759712006896734,"w":0.9862646460533142},"size":0.33177775144577029,"orthographic":false}